Coco June,https://www.cocojune.co/find-us/
Coconut Cult,https://www.coconutcult.com/pages/store-locator
Culture Pop,https://drinkculturepop.com/pages/store-locator
Date Better,https://datebettersnacks.com/pages/store-locator
Droosh,https://www.shopdroosh.com/pages/store-locator
Drumroll Donuts,https://eatdrumroll.com/pages/store-locator
Evies Snacks,https://eviessnacks.com/pages/store-locator
Loisa,https://loisa.com/pages/store-locator
Lao Ban Dumplings,https://laobandumplings.com/pages/store-locator
Narra,https://www.drinknarra.com/find-us
Clevr Blends,https://clevrblends.com/pages/store-locator?srsltid=AfmBOop8ycKHJ9XK5jZ-wjHQWtNnUg-jYT5ZPW8HtdavW1nXAwyFHRBg
Chikka Chikka,https://chikkachikka.com/pages/find-us-in-stores
Everyday Dose,https://www.everydaydose.com/pages/store-locator?srsltid=AfmBOor6krGFylzhX5XbS7YM-5QzazA3D6cVanmK93HJtbn0XbSU6Okr
Diaspora Co,https://www.diasporaco.com/pages/store-locator
Shuug,https://shuug.co/pages/store-locator
Rishi Tea,https://www.rishi-tea.com/pages/store-locator
Tazo Tea,https://www.tazo.com/us/en/where-to-buy/
Bon Bon Swedish Candy,https://bonbonnyc.com/pages/locations/#bonbon-near-you
Hot Girl Pickles,https://goodgirlsnacks.com/pages/store-locator
Mid Day Squares,https://www.middaysquares.com/pages/retailer-list?srsltid=AfmBOoouWzQAP8w2cq6KHVtURevOCFaxXRfc7jUGAUdUnG-WpLBaCP1K&currency=USD
Chomps,https://chomps.com/pages/beef-jerky-near-me?srsltid=AfmBOoozJYYuUNwSwdRRKA4tEOVq-giPoGLLR8nYClJD6HnVRLBP2zfV
Masa Chips,https://www.masachips.com/pages/store-locator?srsltid=AfmBOorYAfm-nQUfIjreYWBpSOTq1GTZFjV4ZLaiw1JD_HyAqc84ahRr
Floura,https://www.floura.com/pages/store-locator?srsltid=AfmBOoqYfAfHufKkQIJTal7iNJh8XjCqMMHbMTB8eDh5bT0pRoplvfsf
